branded_name,active_salt_composition,manufacturer,packaging,mrp_inr,side_effects,source_url,source_date,source
Metform 500mg Tablet,Metformin 500mg,Knoll Pharmaceuticals Ltd,20 tablets,42.0,Diarrhea; nausea; vomiting; abdominal discomfort; headache; loss of appetite,https://www.1mg.com/drugs/Metform-Tablet-564579,2026-09-11,1mg
Zomet 500mg Tablet,Metformin 500mg,Intas Pharmaceuticals Ltd,10 tablets,9.53,Diarrhea; nausea; vomiting; abdominal discomfort; headache; loss of appetite,https://www.1mg.com/drugs/500-mg-17942,2026-09-13,1mg
Metpath 500mg Tablet,Metformin 500mg,Proqol Healthcare,10 tablets,15.84,Diarrhea; nausea; vomiting; abdominal discomfort; headache; loss of appetite,https://www.1mg.com/drugs/Metpath-Tablet-347124,2026-09-01,1mg
Terformin 500mg Tablet,Metformin 500mg,Gujarat Terce Laboratories Ltd,10 tablets,16.43,Diarrhea; nausea; vomiting; abdominal discomfort; headache; loss of appetite,https://www.1mg.com/drugs/terformin-500mg-tablet-372437,2026-08-26,1mg
Atorvast 10 Tablet,Atorvastatin 10mg,Aristo Pharmaceuticals Pvt Ltd,10 tablets,44.13,Pain in extremities; urinary tract infection; diarrhea; joint pain; nasopharyngitis,https://www.1mg.com/drugs/Atorvast-Tablet-906912,2026-09-01,1mg
Atorastin 10mg Tablet,Atorvastatin 10mg,Zeelab Pharmacy Pvt Ltd,10 tablets,5.63,Muscle pain; weakness; nausea; headache; stomach pain,https://www.1mg.com/drugs/Atorastin-Tablet-678105,2026-09-13,1mg
Atorset 10mg Tablet,Atorvastatin 10mg,Concur Pharmaceuticals Pvt.Ltd,10 tablets,45.94,Muscle pain; weakness; nausea; headache; stomach pain,https://www.1mg.com/drugs/atorset-10mg-tablet-368142,2026-09-10,1mg
Pantop 40 Tablet,Pantoprazole 40mg,Aristo Pharmaceuticals Pvt Ltd,15 tablets,174.45,Nausea; abdominal pain; flatulence; dizziness; diarrhea; headache; vomiting,https://www.1mg.com/drugs/pantop-40mg-tablet-26028,2026-09-11,1mg
Pantopraz 40mg Tablet,Pantoprazole 40mg,Unknown in indexed result,40mg tablet,,Nausea; vomiting; headache; dizziness; flatulence; diarrhea; stomach pain; joint pain,https://www.1mg.com/drugs/Pantopraz-Tablet-241953,2026-09-26,1mg
Paracet 500mg Tablet,Paracetamol 500mg,Petrosolv India Ltd,10 tablets,6.09,No common side effects seen; stomach pain; nausea; vomiting may occur,https://www.1mg.com/drugs/Paracet-Tablet-458722,2026-09-10,1mg
Anapol 500mg Tablet,Paracetamol 500mg,Pride Pharma,10 tablets,8.2,No common side effects seen,https://www.1mg.com/drugs/Anapol-Tablet-354100,2026-08-27,1mg
Para 500mg Tablet,Paracetamol 500mg,Laborate Pharmaceuticals India Ltd,10 tablets,8.92,No common side effects seen,https://www.1mg.com/drugs/para-500mg-tablet-820044,2026-09-09,1mg
Aztra 500mg Tablet,Azithromycin 500mg,Heal India Laboratories,10 tablets,247.38,Diarrhea; vomiting; nausea; stomach pain,https://www.1mg.com/drugs/aztra-500mg-tablet-711314,2026-09-05,1mg
Azim 500mg Tablet,Azithromycin 500mg,Mclain Laboratories,3 tablets,56.81,Diarrhea; vomiting; nausea; stomach pain,https://www.1mg.com/drugs/azim-500mg-tablet-570565,2026-08-31,1mg
Aziyan 500mg Tablet,Azithromycin 500mg,Alixia Pharma,3 tablets,66.56,Diarrhea; vomiting; nausea; stomach pain,https://www.1mg.com/drugs/aziyan-500mg-tablet-405375,2026-09-26,1mg
